insert into TBLUTILISATEURS (IDUTILISATEUR, NOMUTILISATEUR, TELUTILISATEUR, DATENAISSANCEUTILISATEUR) values (14, 'Rictus', '079 789 45 12', '19901225');
insert into TBLUTILISATEURS (IDUTILISATEUR, NOMUTILISATEUR, TELUTILISATEUR, DATENAISSANCEUTILISATEUR) values (13, 'Prospectus', '079 698 42 63', '19230915');
insert into TBLUTILISATEURS (IDUTILISATEUR, NOMUTILISATEUR, TELUTILISATEUR, DATENAISSANCEUTILISATEUR) values (15, 'Caius Obtus', '79 698 42 63', '19540105');
insert into TBLUTILISATEURS (IDUTILISATEUR, NOMUTILISATEUR, TELUTILISATEUR, DATENAISSANCEUTILISATEUR) values (3, 'Mozzarella', '078 985 25 42', '19990123');
insert into TBLUTILISATEURS (IDUTILISATEUR, NOMUTILISATEUR, TELUTILISATEUR, DATENAISSANCEUTILISATEUR) values (12, 'Bifidus', '076 965 23 57', '19900617');
insert into TBLUTILISATEURS (IDUTILISATEUR, NOMUTILISATEUR, TELUTILISATEUR, DATENAISSANCEUTILISATEUR) values (16, 'Habeascorpus', '078 87 2 56', '15000101');
insert into TBLUTILISATEURS (IDUTILISATEUR, NOMUTILISATEUR, TELUTILISATEUR, DATENAISSANCEUTILISATEUR) values (0, 'Guilus', '079 999 95 95', '19680528');
insert into TBLUTILISATEURS (IDUTILISATEUR, NOMUTILISATEUR, TELUTILISATEUR, DATENAISSANCEUTILISATEUR) values (19, 'Garedefréjus', '077 524 56 98', '19921011');
insert into TBLUTILISATEURS (IDUTILISATEUR, NOMUTILISATEUR, TELUTILISATEUR, DATENAISSANCEUTILISATEUR) values (1, 'Doicrochus', '09 852 67 23', '19911231');
insert into TBLUTILISATEURS (IDUTILISATEUR, NOMUTILISATEUR, TELUTILISATEUR, DATENAISSANCEUTILISATEUR) values (24, 'Crassus', '098 965 84 23', '19230401');
insert into TBLUTILISATEURS (IDUTILISATEUR, NOMUTILISATEUR, TELUTILISATEUR, DATENAISSANCEUTILISATEUR) values (22, 'Cépaderefus', '078 698 12 68', '19411105');
insert into TBLUTILISATEURS (IDUTILISATEUR, NOMUTILISATEUR, TELUTILISATEUR, DATENAISSANCEUTILISATEUR) values (17, 'Brutus', '075 698 11 43', '20000223');
insert into TBLUTILISATEURS (IDUTILISATEUR, NOMUTILISATEUR, TELUTILISATEUR, DATENAISSANCEUTILISATEUR) values (18, 'Asterix le gaulois', '078 632 54 73', '19950508');
insert into TBLUTILISATEURS (IDUTILISATEUR, NOMUTILISATEUR, TELUTILISATEUR, DATENAISSANCEUTILISATEUR) values (10, 'Obelix', '078 952 45 61', '19950508');
insert into TBLUTILISATEURS (IDUTILISATEUR, NOMUTILISATEUR, TELUTILISATEUR, DATENAISSANCEUTILISATEUR) values (5, 'Jules Cesar', '077 777 77 77', '19800121');
insert into TBLUTILISATEURS (IDUTILISATEUR, NOMUTILISATEUR, TELUTILISATEUR, DATENAISSANCEUTILISATEUR) values (8, 'Coronavirus', '076 666 66 66', '19750425');
insert into TBLUTILISATEURS (IDUTILISATEUR, NOMUTILISATEUR, TELUTILISATEUR, DATENAISSANCEUTILISATEUR) values (11, 'Assurancetourix', '073 123 5 67', '19700609');
insert into TBLUTILISATEURS (IDUTILISATEUR, NOMUTILISATEUR, TELUTILISATEUR, DATENAISSANCEUTILISATEUR) values (9, 'Idefix', '000 00 00 00', '19860606');
insert into TBLUTILISATEURS (IDUTILISATEUR, NOMUTILISATEUR, TELUTILISATEUR, DATENAISSANCEUTILISATEUR) values (6, 'Agecononix', '079 852 45 67', '19010814');
insert into TBLUTILISATEURS (IDUTILISATEUR, NOMUTILISATEUR, TELUTILISATEUR, DATENAISSANCEUTILISATEUR) values (4, 'Abraracourcix', '079 555 12 12', '19300618');
insert into TBLUTILISATEURS (IDUTILISATEUR, NOMUTILISATEUR, TELUTILISATEUR, DATENAISSANCEUTILISATEUR) values (23, 'Panoramix', '079 321 47 89', '19020508');
insert into TBLUTILISATEURS (IDUTILISATEUR, NOMUTILISATEUR, TELUTILISATEUR, DATENAISSANCEUTILISATEUR) values (7, 'Ordralfabétix', '078 654 23 58', '19870829');
insert into TBLUTILISATEURS (IDUTILISATEUR, NOMUTILISATEUR, TELUTILISATEUR, DATENAISSANCEUTILISATEUR) values (20, 'Cétautomatix', '055 653 25 91', '19960315');
insert into TBLUTILISATEURS (IDUTILISATEUR, NOMUTILISATEUR, TELUTILISATEUR, DATENAISSANCEUTILISATEUR) values (2, 'Heroïx', '079 321 58 46', '19950307');
insert into TBLUTILISATEURS (IDUTILISATEUR, NOMUTILISATEUR, TELUTILISATEUR, DATENAISSANCEUTILISATEUR) values (21, 'Briseradius', '075 658 45 39', '19920225');

insert into TBLGROUPES (IDGROUPE, NOMGROUPE) values (3, 'Druides');
insert into TBLGROUPES (IDGROUPE, NOMGROUPE) values (17, 'Gaulois');
insert into TBLGROUPES (IDGROUPE, NOMGROUPE) values (1, 'Romains');
insert into TBLGROUPES (IDGROUPE, NOMGROUPE) values (5, 'Gaulois d''Armorique');
insert into TBLGROUPES (IDGROUPE, NOMGROUPE) values (12, 'Gaulois de Lutèce');
insert into TBLGROUPES (IDGROUPE, NOMGROUPE) values (15, 'Gaulois d''Arverne');
insert into TBLGROUPES (IDGROUPE, NOMGROUPE) values (8, 'Belges');
insert into TBLGROUPES (IDGROUPE, NOMGROUPE) values (23, 'Bretons');
insert into TBLGROUPES (IDGROUPE, NOMGROUPE) values (9, 'Helvétes');
insert into TBLGROUPES (IDGROUPE, NOMGROUPE) values (14, 'Ibères');
insert into TBLGROUPES (IDGROUPE, NOMGROUPE) values (24, 'Pictes');
insert into TBLGROUPES (IDGROUPE, NOMGROUPE) values (22, 'Corse');
insert into TBLGROUPES (IDGROUPE, NOMGROUPE) values (6, 'Étrusques');
insert into TBLGROUPES (IDGROUPE, NOMGROUPE) values (2, 'grecs');
insert into TBLGROUPES (IDGROUPE, NOMGROUPE) values (19, 'Numides');
insert into TBLGROUPES (IDGROUPE, NOMGROUPE) values (13, 'Vénètes');
insert into TBLGROUPES (IDGROUPE, NOMGROUPE) values (4, 'Égyptiens');
insert into TBLGROUPES (IDGROUPE, NOMGROUPE) values (7, 'Phéniciens');
insert into TBLGROUPES (IDGROUPE, NOMGROUPE) values (20, 'Perses');
insert into TBLGROUPES (IDGROUPE, NOMGROUPE) values (18, 'Goths');
insert into TBLGROUPES (IDGROUPE, NOMGROUPE) values (21, 'Normands');
insert into TBLGROUPES (IDGROUPE, NOMGROUPE) values (16, 'Vikings');
insert into TBLGROUPES (IDGROUPE, NOMGROUPE) values (0, 'Pirates');
insert into TBLGROUPES (IDGROUPE, NOMGROUPE) values (10, 'Dieux');
insert into TBLGROUPES (IDGROUPE, NOMGROUPE) values (11, 'Indiens');

insert into TBLMESSAGES (IDMESSAGE, IDGROUPE, IDUTILISATEURENVOI, TEXTEMESSAGE, DATEENVOIMESSAGE) values (19, 17, 4, 'XXII ! les Romains !!!', '1716-4-24');
insert into TBLMESSAGES (IDMESSAGE, IDGROUPE, IDUTILISATEURENVOI, TEXTEMESSAGE, DATEENVOIMESSAGE) values (18, 22, 9, 'Ta vie ne tient qu’à un fil, Téléféric ', '120-4-18');
insert into TBLMESSAGES (IDMESSAGE, IDGROUPE, IDUTILISATEURENVOI, TEXTEMESSAGE, DATEENVOIMESSAGE) values (23, 24, 22, 'Ils ont les casques ailés, vive les Celtes !', '1833-8-25');
insert into TBLMESSAGES (IDMESSAGE, IDGROUPE, IDUTILISATEURENVOI, TEXTEMESSAGE, DATEENVOIMESSAGE) values (5, 20, 15, 'Qu’est-ce que c’est que ce pays ? C’est pas possible. Il fait au moins… -8000 !', '1388-9-1');
insert into TBLMESSAGES (IDMESSAGE, IDGROUPE, IDUTILISATEURENVOI, TEXTEMESSAGE, DATEENVOIMESSAGE) values (22, 24, 3, 'Moi je vais rester là pour raviver le feu parce que des fois il se déravive.', '1783-6-18');

insert into TBLMESSAGES (IDMESSAGE, IDGROUPE, IDUTILISATEURENVOI, TEXTEMESSAGE, DATEENVOIMESSAGE) values (4, 21, 12, 'Débrouille toi pour que ces pierres n’arrivent jamais au chantier. Pas d’pierre, pas d’construction. Pas d’construction, pas d’palais. Pas d’palais… pas d’palais.', '1522-4-22');

insert into TBLMESSAGES (IDMESSAGE, IDGROUPE, IDUTILISATEURENVOI, TEXTEMESSAGE, DATEENVOIMESSAGE) values (11, 1, 11, 'Le mec… Il s’appelle On ! Donc c’est le phare-à-On ! Le pharaon !', '1181-2-12');

insert into TBLMESSAGES (IDMESSAGE, IDGROUPE, IDUTILISATEURENVOI, TEXTEMESSAGE, DATEENVOIMESSAGE) values (7, 14, 24, 'Nul ne peut bafouer l’empire romain ! Quand on l’attaque, l’empire contre-attaque !', '553-2-20');

insert into TBLMESSAGES (IDMESSAGE, IDGROUPE, IDUTILISATEURENVOI, TEXTEMESSAGE, DATEENVOIMESSAGE) values (3, 8, 12, 'Et là… une grande allée avec plein d’statues, qu’on appellera la grande allée avec plein d’statues !', '292-4-28');

insert into TBLMESSAGES (IDMESSAGE, IDGROUPE, IDUTILISATEURENVOI, TEXTEMESSAGE, DATEENVOIMESSAGE) values (20, 20, 10, '- Attention mon petit Numérobis, j’ai des relations, des gens très haut placés qui peuvent vous faire de très graves ennuis, des gens de haut rang !
- Ça serait mieux s’ils étaient d’alexandrie ! Ahahah…', '907-4-6');

insert into TBLMESSAGES (IDMESSAGE, IDGROUPE, IDUTILISATEURENVOI, TEXTEMESSAGE, DATEENVOIMESSAGE) values (24, 20, 1, '- Le lion ne s’associe pas avec le cafard.
- Quoi ?
- Le lion… ne S’ASSOCIE pas… avec le CAFARD.
- Ah ouais, parce que j’avais compris « le nion n’a jamais eu de placard » !', '1448-9-9');

insert into TBLMESSAGES (IDMESSAGE, IDGROUPE, IDUTILISATEURENVOI, TEXTEMESSAGE, DATEENVOIMESSAGE) values (15, 12, 3, 'Vous connaissez Panoramisme ? C’est un droïde.', '1062-8-30');

insert into TBLMESSAGES (IDMESSAGE, IDGROUPE, IDUTILISATEURENVOI, TEXTEMESSAGE, DATEENVOIMESSAGE) values (12, 0, 12, 'Raté, vous nous avez raté ! Eh les romains, vous êtes des romaines !', '617-11-10');

insert into TBLMESSAGES (IDMESSAGE, IDGROUPE, IDUTILISATEURENVOI, TEXTEMESSAGE, DATEENVOIMESSAGE) values (17, 7, 19, '- Et pourquoi vous avez posé le carrelage ? Il fallait faire passer les évacuations d’eau, d’abord ! Va falloir tout recasser maintenant.
- Ah monsieur Malococsis, j’suis pas architecte moi, j’suis carreleur. On me dit de carreler, je carrèle, on me dit de pas carreler j’carrèle pas.', '1263-4-1');

insert into TBLMESSAGES (IDMESSAGE, IDGROUPE, IDUTILISATEURENVOI, TEXTEMESSAGE, DATEENVOIMESSAGE) values (2, 21, 8, 'Itineris a raison… de pas se l’SFR !', '953-4-5');

insert into TBLMESSAGES (IDMESSAGE, IDGROUPE, IDUTILISATEURENVOI, TEXTEMESSAGE, DATEENVOIMESSAGE) values (14, 6, 23, 'Oh ! Cette nuit j’ai fait un rêve, je gagnais 1 million de sesterces… Et avec je m’achetais une paire de chaussure, trop grande et puis moche en plus !', '1311-3-22');

insert into TBLMESSAGES (IDMESSAGE, IDGROUPE, IDUTILISATEURENVOI, TEXTEMESSAGE, DATEENVOIMESSAGE) values (9, 12, 22, 'Bon, c’est simple. Vous suivez les baffes. Et il devrait être au bout. J’vous accompagne pas hein, j’vais rester là et réfléchir un peu.', '825-12-8');

insert into TBLMESSAGES (IDMESSAGE, IDGROUPE, IDUTILISATEURENVOI, TEXTEMESSAGE, DATEENVOIMESSAGE) values (1, 1, 15, 'Oran et haut-rang ça sonne pareil c’est pour ça.', '726-3-11');

insert into TBLMESSAGES (IDMESSAGE, IDGROUPE, IDUTILISATEURENVOI, TEXTEMESSAGE, DATEENVOIMESSAGE) values (0, 8, 2, 'Hue Cannabis ! Allez ! Tu n’avances pas du tout, Cannabis !', '354-9-16');

insert into TBLMESSAGES (IDMESSAGE, IDGROUPE, IDUTILISATEURENVOI, TEXTEMESSAGE, DATEENVOIMESSAGE) values (13, 2, 2, 'J’ai venu, j’ai vu, j’ai vaincu. Vini, vidi, vici.', '1-1-1');

insert into TBLMESSAGES (IDMESSAGE, IDGROUPE, IDUTILISATEURENVOI, TEXTEMESSAGE, DATEENVOIMESSAGE) values (6, 14, 22, 'Un ancien poème Égyptien dit « Nil, Nil, Nil, fleuve impétueux et tumultueux, tu es comme notre reine la source de la vie ! »', '1004-10-2');

insert into TBLMESSAGES (IDMESSAGE, IDGROUPE, IDUTILISATEURENVOI, TEXTEMESSAGE, DATEENVOIMESSAGE) values (10, 8, 18, 'Ah d’un coup je me sens libéré là !! Hahahaha.', '438-3-25');

insert into TBLMESSAGES (IDMESSAGE, IDGROUPE, IDUTILISATEURENVOI, TEXTEMESSAGE, DATEENVOIMESSAGE) values (8, 22, 2, 'Quand on fait un pari, il faut être sport !', '1598-2-2');

insert into TBLMESSAGES (IDMESSAGE, IDGROUPE, IDUTILISATEURENVOI, TEXTEMESSAGE, DATEENVOIMESSAGE) values (21, 4, 0, 'Abyssus abyssum invocat.', '769-11-13');

insert into TBLMESSAGES (IDMESSAGE, IDGROUPE, IDUTILISATEURENVOI, TEXTEMESSAGE, DATEENVOIMESSAGE) values (16, 8, 14, 'J’en peux plus de cette papyrasse administrative.', '229-6-8');

insert into TBLASSOCIATIONS (IDUTILISATEUR, IDGROUPE) values (14, 3);

insert into TBLASSOCIATIONS (IDUTILISATEUR, IDGROUPE) values (13, 17);

insert into TBLASSOCIATIONS (IDUTILISATEUR, IDGROUPE) values (15, 9);

insert into TBLASSOCIATIONS (IDUTILISATEUR, IDGROUPE) values (3, 5);

insert into TBLASSOCIATIONS (IDUTILISATEUR, IDGROUPE) values (12, 9);

insert into TBLASSOCIATIONS (IDUTILISATEUR, IDGROUPE) values (16, 9);

insert into TBLASSOCIATIONS (IDUTILISATEUR, IDGROUPE) values (0, 8);

insert into TBLASSOCIATIONS (IDUTILISATEUR, IDGROUPE) values (19, 23);

insert into TBLASSOCIATIONS (IDUTILISATEUR, IDGROUPE) values (1, 9);

insert into TBLASSOCIATIONS (IDUTILISATEUR, IDGROUPE) values (24, 14);

insert into TBLASSOCIATIONS (IDUTILISATEUR, IDGROUPE) values (22, 9);

insert into TBLASSOCIATIONS (IDUTILISATEUR, IDGROUPE) values (17, 22);

insert into TBLASSOCIATIONS (IDUTILISATEUR, IDGROUPE) values (18, 6);

insert into TBLASSOCIATIONS (IDUTILISATEUR, IDGROUPE) values (10, 2);

insert into TBLASSOCIATIONS (IDUTILISATEUR, IDGROUPE) values (5, 19);

insert into TBLASSOCIATIONS (IDUTILISATEUR, IDGROUPE) values (8, 13);

insert into TBLASSOCIATIONS (IDUTILISATEUR, IDGROUPE) values (11, 4);

insert into TBLASSOCIATIONS (IDUTILISATEUR, IDGROUPE) values (9, 7);

insert into TBLASSOCIATIONS (IDUTILISATEUR, IDGROUPE) values (6, 20);

insert into TBLASSOCIATIONS (IDUTILISATEUR, IDGROUPE) values (4, 18);

insert into TBLASSOCIATIONS (IDUTILISATEUR, IDGROUPE) values (23, 21);

insert into TBLASSOCIATIONS (IDUTILISATEUR, IDGROUPE) values (7, 16);

insert into TBLASSOCIATIONS (IDUTILISATEUR, IDGROUPE) values (20, 0);

insert into TBLASSOCIATIONS (IDUTILISATEUR, IDGROUPE) values (2, 10);

insert into TBLASSOCIATIONS (IDUTILISATEUR, IDGROUPE) values (21, 11);

insert into TBLASSOCIATIONS (IDUTILISATEUR, IDGROUPE) values (14, 9);

insert into TBLASSOCIATIONS (IDUTILISATEUR, IDGROUPE) values (21, 9);

insert into TBLASSOCIATIONS (IDUTILISATEUR, IDGROUPE) values (7, 9);

insert into TBLRECEPTIONS (IDUTILISATEUR, IDMESSAGE, DATERECEPTIONMESSAGE, DATELECTUREMESSAGE) values (14, 19, '253-9-17', '253-9-22');

insert into TBLRECEPTIONS (IDUTILISATEUR, IDMESSAGE, DATERECEPTIONMESSAGE, DATELECTUREMESSAGE) values (13, 18, '1289-10-4', '1289-10-22');

insert into TBLRECEPTIONS (IDUTILISATEUR, IDMESSAGE, DATERECEPTIONMESSAGE, DATELECTUREMESSAGE) values (15, 23, '1823-7-8', '1823-7-9');

insert into TBLRECEPTIONS (IDUTILISATEUR, IDMESSAGE, DATERECEPTIONMESSAGE, DATELECTUREMESSAGE) values (3, 5, '338-3-17', '338-3-27');

insert into TBLRECEPTIONS (IDUTILISATEUR, IDMESSAGE, DATERECEPTIONMESSAGE, DATELECTUREMESSAGE) values (12, 22, '385-7-5', '385-7-14');

insert into TBLRECEPTIONS (IDUTILISATEUR, IDMESSAGE, DATERECEPTIONMESSAGE, DATELECTUREMESSAGE) values (16, 4, '653-1-11', '653-9-19');

insert into TBLRECEPTIONS (IDUTILISATEUR, IDMESSAGE, DATERECEPTIONMESSAGE, DATELECTUREMESSAGE) values (0, 11, '1-1-1', '1-2-22');

insert into TBLRECEPTIONS (IDUTILISATEUR, IDMESSAGE, DATERECEPTIONMESSAGE, DATELECTUREMESSAGE) values (19, 7, '1373-4-7', '1373-7-21');

insert into TBLRECEPTIONS (IDUTILISATEUR, IDMESSAGE, DATERECEPTIONMESSAGE, DATELECTUREMESSAGE) values (1, 3, '167-3-20', '167-3-23');

insert into TBLRECEPTIONS (IDUTILISATEUR, IDMESSAGE, DATERECEPTIONMESSAGE, DATELECTUREMESSAGE) values (24, 20, '404-10-25', '404-12-17');

insert into TBLRECEPTIONS (IDUTILISATEUR, IDMESSAGE, DATERECEPTIONMESSAGE, DATELECTUREMESSAGE) values (22, 24, '625-9-27', '625-10-3');

insert into TBLRECEPTIONS (IDUTILISATEUR, IDMESSAGE, DATERECEPTIONMESSAGE, DATELECTUREMESSAGE) values (17, 15, '771-2-24', '771-10-5');

insert into TBLRECEPTIONS (IDUTILISATEUR, IDMESSAGE, DATERECEPTIONMESSAGE, DATELECTUREMESSAGE) values (18, 12, '45-3-1', '45-4-8');

insert into TBLRECEPTIONS (IDUTILISATEUR, IDMESSAGE, DATERECEPTIONMESSAGE, DATELECTUREMESSAGE) values (10, 17, '1768-6-2', '1768-9-4');

insert into TBLRECEPTIONS (IDUTILISATEUR, IDMESSAGE, DATERECEPTIONMESSAGE, DATELECTUREMESSAGE) values (5, 2, '1448-1-9', '1448-2-10');

insert into TBLRECEPTIONS (IDUTILISATEUR, IDMESSAGE, DATERECEPTIONMESSAGE, DATELECTUREMESSAGE) values (8, 14, '72-12-7', '72-12-12');

insert into TBLRECEPTIONS (IDUTILISATEUR, IDMESSAGE, DATERECEPTIONMESSAGE, DATELECTUREMESSAGE) values (11, 9, '532-10-10', '532-10-11');

insert into TBLRECEPTIONS (IDUTILISATEUR, IDMESSAGE, DATERECEPTIONMESSAGE, DATELECTUREMESSAGE) values (9, 1, '137-6-9', '137-8-28');

insert into TBLRECEPTIONS (IDUTILISATEUR, IDMESSAGE, DATERECEPTIONMESSAGE, DATELECTUREMESSAGE) values (6, 0, '755-10-7', '755-11-26');

insert into TBLRECEPTIONS (IDUTILISATEUR, IDMESSAGE, DATERECEPTIONMESSAGE, DATELECTUREMESSAGE) values (4, 13, '668-8-26', '668-8-27');

insert into TBLRECEPTIONS (IDUTILISATEUR, IDMESSAGE, DATERECEPTIONMESSAGE, DATELECTUREMESSAGE) values (23, 6, '578-8-8', '578-8-31');

insert into TBLRECEPTIONS (IDUTILISATEUR, IDMESSAGE, DATERECEPTIONMESSAGE, DATELECTUREMESSAGE) values (7, 10, '476-5-31', '476-6-23');

insert into TBLRECEPTIONS (IDUTILISATEUR, IDMESSAGE, DATERECEPTIONMESSAGE, DATELECTUREMESSAGE) values (20, 8, '1274-10-28', '1274-11-4');

insert into TBLRECEPTIONS (IDUTILISATEUR, IDMESSAGE, DATERECEPTIONMESSAGE, DATELECTUREMESSAGE) values (2, 21, '489-5-15', '489-6-5');

insert into TBLRECEPTIONS (IDUTILISATEUR, IDMESSAGE, DATERECEPTIONMESSAGE, DATELECTUREMESSAGE) values (21, 16, '253-9-17', '253-10-26');

insert into TBLRELATIONS (IDUTILISATEURRELATIONPERE, IDUTILISATEURRELATIONFILS) values (14, 11);

insert into TBLRELATIONS (IDUTILISATEURRELATIONPERE, IDUTILISATEURRELATIONFILS) values (13, 9);

insert into TBLRELATIONS (IDUTILISATEURRELATIONPERE, IDUTILISATEURRELATIONFILS) values (15, 11);

insert into TBLRELATIONS (IDUTILISATEURRELATIONPERE, IDUTILISATEURRELATIONFILS) values (3, 4);

insert into TBLRELATIONS (IDUTILISATEURRELATIONPERE, IDUTILISATEURRELATIONFILS) values (12, 11);

insert into TBLRELATIONS (IDUTILISATEURRELATIONPERE, IDUTILISATEURRELATIONFILS) values (16, 17);

insert into TBLRELATIONS (IDUTILISATEURRELATIONPERE, IDUTILISATEURRELATIONFILS) values (0, 1);

insert into TBLRELATIONS (IDUTILISATEURRELATIONPERE, IDUTILISATEURRELATIONFILS) values (19, 20);

insert into TBLRELATIONS (IDUTILISATEURRELATIONPERE, IDUTILISATEURRELATIONFILS) values (1, 2);

insert into TBLRELATIONS (IDUTILISATEURRELATIONPERE, IDUTILISATEURRELATIONFILS) values (24, 23);

insert into TBLRELATIONS (IDUTILISATEURRELATIONPERE, IDUTILISATEURRELATIONFILS) values (22, 23);

insert into TBLRELATIONS (IDUTILISATEURRELATIONPERE, IDUTILISATEURRELATIONFILS) values (17, 18);

insert into TBLRELATIONS (IDUTILISATEURRELATIONPERE, IDUTILISATEURRELATIONFILS) values (18, 17);

insert into TBLRELATIONS (IDUTILISATEURRELATIONPERE, IDUTILISATEURRELATIONFILS) values (10, 8);

insert into TBLRELATIONS (IDUTILISATEURRELATIONPERE, IDUTILISATEURRELATIONFILS) values (5, 6);

insert into TBLRELATIONS (IDUTILISATEURRELATIONPERE, IDUTILISATEURRELATIONFILS) values (8, 9);

insert into TBLRELATIONS (IDUTILISATEURRELATIONPERE, IDUTILISATEURRELATIONFILS) values (11, 12);

insert into TBLRELATIONS (IDUTILISATEURRELATIONPERE, IDUTILISATEURRELATIONFILS) values (9, 5);

insert into TBLRELATIONS (IDUTILISATEURRELATIONPERE, IDUTILISATEURRELATIONFILS) values (6, 3);

insert into TBLRELATIONS (IDUTILISATEURRELATIONPERE, IDUTILISATEURRELATIONFILS) values (4, 1);

insert into TBLRELATIONS (IDUTILISATEURRELATIONPERE, IDUTILISATEURRELATIONFILS) values (23, 21);

insert into TBLRELATIONS (IDUTILISATEURRELATIONPERE, IDUTILISATEURRELATIONFILS) values (7, 13);

insert into TBLRELATIONS (IDUTILISATEURRELATIONPERE, IDUTILISATEURRELATIONFILS) values (20, 21);

insert into TBLRELATIONS (IDUTILISATEURRELATIONPERE, IDUTILISATEURRELATIONFILS) values (2, 8);

insert into TBLRELATIONS (IDUTILISATEURRELATIONPERE, IDUTILISATEURRELATIONFILS) values (21, 12);

